"Categorie";"Nom";"Date";"Description";"Media";"TypeMedia";"Contenu Supplémentaire";;;;;;;;;;;
"logiciel";"Éditeur de guide de montage";"Juin-Juillet 2026";"Création automatisée des guide de fabrication des productions.";"travail/2026_pointcarre/GammeFab/2026_GammeFabIcone.jpg";"image";;;;;;;;;
"logiciel";"EasyBizi";"Juin-Juillet 2026";"Gestionnaire de catalogue professionnel.";"travail/2026_pointcarre/EasyBizi/2026_EasyBiziIcone.jpg";"image";;;;;;;;;
"do";"Étui à lunettes";"Juin-Juillet 2026";"Conception d'un étui à lunettes pour la Fabrique Pointcarré.";"travail/2026_pointcarre/photo_etui-lunettes_juillet-2026/photo_etui_compo_carre.jpg";"image";;;;;;;;;;;;
"do";"Porte-monnaie à deux poches";"Juin 2026";"Conception d'un porte-monnaie à deux poches pour la Fabrique Pointcarré.";"travail/2026_pointcarre/photos_portemonnaie/IMG_20260710_195035.jpg";"image";;;;;;;;;;;;
"modelisation-3d jeu-video graphisme installation";"Fractalab";"2025-2026";"Les fractales sont une notion complexe et abstraite pour les non-scientifiques. Par le biais de l'art et du design, comment montrer et expliquer la place des fractales dans notre environnement ?";"travail/2026_fractalab/2026_fractalab_carre.jpg";"image";;;;;;;;;;;;
"jeu-video";"Chère Mamie...";"Mars 2026";"Jeu vidéo de type Platformer 2D créé pendant la Scientific Game Jam Online 2026.";"travail/2026_chere-mamie/vignette_finale.png";"image";;;;;;;;;;;;
"graphisme";"Les Métamorphoses du Parquet";"Juin 2025";"Design graphique de l'exposition.<br>Paris Design Week 2025. Fabrique Pointcarré × Fibois Île-de-France.";"travail/2025_MetamorphosesParquet/2025metamorphoses_affiche.jpg";"image";;;;;;;;;;;;
"graphisme edition do";"Nous, Perec, à la cité-jardin";"Juin 2025";"Graphisme de cette édition pour la ville du Pré-Saint-Gervais.<br>Matériaux et impression en collaboration avec La Fabrique Pointcarré.";"travail/2025_NousPerec/nousperec_couverture.jpg";"image";;;;;;;;;;;;
"logiciel";"ImposiPDF - outil d'imposition de pages";"Octobre 2025 - Janvier 2026";"Outil Python pour imposer les pages d’un PDF en format cahier.";"travail/2026_imposipdf/2026_imposipdfIcone.png";"image";;;;;;;;;
"photographie";"Photographie";"Décembre 2024 – Janvier 2025";"Deux séries photographiques autour de la fin d’année : ambiances de Noël et paysage enneigé hivernal.";"travail/2024_photo/DSC_0467.JPG";"image";;;;;;;;;;;;
"code-creatif";"Foule";"Mai 2024";"Travail autour du sentiment de diff&eacute;rence<br>D'apr&egrave;s l'&eacute;tude du Docteur CIALDINI,&nbsp;un individu se sent vraiment diff&eacute;rent lorsqu'il appartient &agrave; moins de 10 % d'une population ou d'un groupe. Mes visuels s'appuient donc sur les probabilit&eacute;s de 10&nbsp;%, 5&nbsp;% et 1&nbsp;% d'obtenir une couleur diff&eacute;rente&nbsp;et pourtant, personne n'est jamais seul, il suffit de voir plus grand.";"travail/2024_foule/2024_foule.jpg";"image"
"code-creatif";"Projet personnel d'exploration sur l&apos;art g&eacute;n&eacute;ratif";"Janvier - Mai 2024";"Visuels cr&eacute;&eacute;s de mani&egrave;re algorithmique en utilisant le&nbsp;langage de programmation Python.";"travail/2024_artGeneratifPython/cover.jpg";"image";;;;;
"graphisme";"Participation au projet <a href=""https://metamistic.com/"">MetaMistic</a>";"Mars 2025";"Jeux de formes et de visibilité avec de la peinture sensible aux UV.";"travail/2025_metamistic/2025_metamistic_uv.jpg";"image";;;;;;;;;;;;
"installation son doe";"<em>The Lake at the End of the world</em>, Caroline MacDonald (1988)";"Mars 2025";"Workshop avec Élise VOËT<br>Cette installation collective reflète un corpus de rapports scientifiques sur l'analyse du lac : journal de bord, échantillons, analyses microscopiques, sismographe, etc.<br>Inspiré des recherches scientifiques au sein de récits de science fiction (<em>Arrival</em>, Denis Villeneuve 2016).";"travail/2025_artsNumeriques/2025_artsNumeriques_installation_2.jpg";"image";;;;;;;;;;;;
"modelisation-3d";"Modélisation et Animation 3D";"Septembre 2024 – Février 2025";"Progression en modélisation et animation 3D low poly sur Blender : de la fiole aux animations de personnages.";"travail/2024-2025_modelisation/2025_beluga_carre.png";"image";;;;;;;;;;;;
"jeu-video code-creatif";"Exploration de l'IA";"Janvier 2025";"Workshop autour de l'IA, de ses capacités et de ses limites<br>Nous l'avons utilisé dans un jeu vidéo pour interpréter des personnalités et les faire interagir, par exemple une discussion entre C3PO et Jeanne d'Arc.<br><a href=""https://drive.google.com/file/d/1cHc-nKkiWed_9l8yxuMBpr2pcdOo7Vhf/view?usp=sharing"">Démonstration</a>";"travail/2025_wsExplorationIA.png";"image";;;;;;;;;;;;
"code-creatif";"<a href=""https://editor.p5js.org/amassart/full/NAj6-oG9f"">Suivre</a> ou <a href=""https://editor.p5js.org/amassart/full/d3JCBHlh4"">S'écarter</a>";"Janvier 2025";"Expérimentations de l'interaction des formes et des grilles en p5.js avec Sylvie TISSOT.";"travail/2025_p5js/2025_p5js_suivre.png";"image";;;;;;;;;;;;
"graphisme";"Apocalypse";"Novembre 2024";"Affiche &agrave; partir <br />d'une typographie invent&eacute;e";"travail/2024_apocalypse.jpg";"image";;;;;;;;;;
"jeu-video";"Situ'Tip";"Mars - Avril 2024";"Jeu coopératif en pixel art inspiré de ""Keep Talking and Nobody Explodes"" mélangeant numérique et papier.";"travail/2024_situtip/2024_situtip_home.png";"image";;;;;;;;;;;;
"jeu-video";"La Plage Étoilée";"Mars 2024";"Jeu à choix réalisé sur Twine. Nous suivons l'histoire d'une petite fille à la plage et les choix qu'elle doit faire durant son aventure.";"travail/2024_laPlageEtoilee/2024_LaPlageEtoilee_marre_rognée.png";"image";;;;;;;;;;;;
"doe installation";"Recyclage et réutilisation de matériaux éléctronique";"Mars 2024";"Workshop avec Quentin DESTIEU<br>Instruments qui jouent sur la transformation de l'énergie mécanique en énergie électrique";"travail/2024_wsDIY.jpg";"image";;;;;;;;;;;;
"son";"<a href=""https://drive.google.com/file/d/1NOyF464H74VYy8bsy97YWyaSz86JqJCY/view"">Volcano</a>";"Septembre - Décembre 2023";"Projet de groupe en s'inspirant d'œuvres du FRAC d'Orléans.<br>Notre objectif était de créer un storyboard animé qui pourrait ensuite nous amener à la création d'un petit film d'animation, mon rôle étant le design sonore.";"travail/2023_volcano/2023_volcano_garageband-view.png";"image";;;;;;;;;;;;